,X,Y,Z,Velocity,label
0,0.0,1.0,2.0,0,1.0
1,0.02908323466777799,1.7635271215438844,0.0686337564513087,0,1.0
2,5.918437684022871e-05,1.8191769432138514,0.06576839592997673,0,1.0
3,-0.045459772620735486,1.8711110764536365,-0.007457598144638138,0,1.0
4,0.035744286289340545,1.7790311198485524,-0.17914612277557976,0,1.0
5,0.037073134630918485,1.8272546195983888,0.10861407190561291,0,1.0
6,0.07336812061460121,1.7642540154249773,0.03882663976401089,0,1.0
7,0.07844201289117332,1.8249758552102482,0.017135126997292145,0,1.0
8,0.032758587838283594,1.8173410509313856,0.001782867674981909,0,1.0
